<?xml version="1.0" encoding="UTF-8"?>
<project-private xmlns="http://www.netbeans.org/ns/project-private/1">
    <editor-bookmarks xmlns="http://www.netbeans.org/ns/editor-bookmarks/2" lastBookmarkId="0"/>
    <open-files xmlns="http://www.netbeans.org/ns/projectui-open-files/2">
        <group>
            <file>file:/F:/Code/Java/BmiPhase2/src/bmi/model/BmiModel.java</file>
            <file>file:/F:/Code/Java/BmiPhase2/src/bmi/view/BMIView.java</file>
            <file>file:/F:/Code/Java/BmiPhase2/src/bmi/calculator/BmiCalculator.java</file>
            <file>file:/F:/Code/Java/BmiPhase2/src/bmi/view/IView.java</file>
            <file>file:/F:/Code/Java/BmiPhase2/src/bmi/model/Bmi.java</file>
            <file>file:/F:/Code/Java/BmiPhase2/src/bmi/presenter/BMIPresenter.java</file>
            <file>file:/F:/Code/Java/BmiPhase2/src/bmi/model/BmiQueries.java</file>
            <file>file:/F:/Code/Java/BmiPhase2/src/bmi/model/IModel.java</file>
        </group>
    </open-files>
</project-private>
